[
  {
    "op": "add",
    "path": "/attributes/creatureDiet",
    "value": {
      "foodTags": [
        "meat",
        "lootableSweet",
        "sweetBerryBush"
      ],
      "foodCategories": ["Fruit", "Protein"]
    },
    "file": "game:entities/land/bear.json",
    "side": "Server"
  },
  {
    "op": "add",
    "path": "/server/behaviors/9/aitasks/14",
    "value": {
      "code": "seekfoodandeat",
      "priority": 1.3,
      "animation": "Walk",
      "eatAnimation": "Lie",
      "eatSound": "creature/animal-eat1",
      "eatTime": 1.5,
      "mincooldownHours": 1,
      "maxcooldownHours": 4,
      "animationSpeedByType": {
        "*-sun": 1.1,
        "*-black": 0.8,
        "*-brown": 0.9,
        "*-panda": 1,
        "*-polar": 0.8
      },
      "movespeedByType": {
        "*-sun": 0.01,
        "*-black": 0.015,
        "*-polar": 0.019,
        "*-brown": 0.02,
        "*-panda": 0.015
      }
    },
    "file": "game:entities/land/bear.json",
    "side": "Server"
  }
]