{
  code: "beartrapjaw",
  behaviors: [
    { name: "GroundStorable", properties: { layout: 'Halves', collisionBox: { x1: 0, y1: 0, z1: 0, x2: 1, y2: 0.125, z2: 1 } } }
  ],
  variantgroups: [
    { code: "metal", states: [
      "copper",
      "tinbronze",
      "bismuthbronze",
      "blackbronze",
      "iron",
      "meteoriciron",
      "steel",
      "stainlesssteel"
    ] }
  ],
  heldTpUseAnimation: "interactstatic", maxstacksize: 4,
  shapeByType: {
    "*": { base: "beartrap:beartrapjaw" }
  },
  "textures": {
    "all": { "base": "game:block/metal/ingot/{metal}" }
  },
  attributes: {
    groundStorageTransform: {
      rotation: { x: 0, y: -90, z: 0 }
    }
  },
  creativeinventory: { "general": ["*"], "items": ["*"] },
  fpHandTransform: {
    translation: { x: -0.5, y: -0.4, z: 0 },
    rotation: { x: 25, y: 0, z: 86 },
    scale: 2.5
  },
  fpHandTransform: {
    rotation: { x: 38, y: 90, z: -30 },
    scale: 1.6
  },

  guiTransform: {
    rotation: { x: 146, y: -21, z: -5 },
    origin: { x: 0.5, y: 0.15, z: 0.5 },
    scaleXyz: { x: -2.01, y: 2.01, z: 2.01 }
  },

  groundTransform: {
    translation: { x: 0, y: 0, z: 0 },
    rotation: { x: 90, y: 0, z: 0 },
    origin: { x: 0.5, y: 0.5, z: 0.59 },
    scale: 3.21
  },

  tpHandTransform: {
    rotation: { x: -69, y: -7, z: -22 },
    origin: { x: 0.75, y: 1.6, z: 0.2 },
    scale: 0.8
  }
}