{
  "editor": {
    "allAngles": false,
    "entityTextureMode": false
  },
  "textureWidth": 16,
  "textureHeight": 16,
  "textureSizes": {
  },
  "textures": {
    "#material": "game:block/metal/ingot/copper"
  },
  "elements": [
    {
      "name": "Trap_base",
      "from": [ 7.5, 0.0, 7.5 ],
      "to": [ 7.5, 0.0, 7.5 ],
      "rotationOrigin": [ 7.5, 0.0, 7.5 ],
      "faces": {
        "north": { "texture": "#null", "uv": [ 0.0, 0.0, 0.5, 0.5 ] },
        "east": { "texture": "#null", "uv": [ 0.0, 0.0, 0.5, 0.5 ] },
        "south": { "texture": "#null", "uv": [ 0.0, 0.0, 0.5, 0.5 ] },
        "west": { "texture": "#null", "uv": [ 0.0, 0.0, 0.5, 0.5 ] },
        "up": { "texture": "#null", "uv": [ 0.0, 0.0, 0.5, 0.5 ] },
        "down": { "texture": "#null", "uv": [ 0.0, 0.0, 0.5, 0.5 ] }
      },
      "children": [
        {
          "name": "base_1",
          "from": [ -5.5, 0.0, -1.0 ],
          "to": [ 6.5, 0.5, 2.0 ],
          "faces": {
            "north": { "texture": "#material", "uv": [ 0.0, 0.0, 12.0, 0.5 ] },
            "east": { "texture": "#material", "uv": [ 0.0, 0.0, 3.0, 0.5 ] },
            "south": { "texture": "#material", "uv": [ 0.0, 0.0, 12.0, 0.5 ] },
            "west": { "texture": "#material", "uv": [ 0.0, 0.0, 3.0, 0.5 ] },
            "up": { "texture": "#material", "uv": [ 0.0, 0.0, 12.0, 3.0 ] },
            "down": { "texture": "#material", "uv": [ 0.0, 0.0, 12.0, 3.0 ] }
          },
          "children": [
            {
              "name": "Cube8",
              "from": [ 0.0, 0.0, 0.0 ],
              "to": [ 0.5, 0.6, 3.0 ],
              "faces": {
                "north": { "texture": "#material", "uv": [ 0.0, 0.0, 0.5, 0.5 ] },
                "east": { "texture": "#material", "uv": [ 0.0, 0.0, 3.0, 0.5 ] },
                "south": { "texture": "#material", "uv": [ 0.0, 0.0, 0.5, 0.5 ] },
                "west": { "texture": "#material", "uv": [ 0.0, 0.0, 3.0, 0.5 ] },
                "up": { "texture": "#material", "uv": [ 0.0, 0.0, 0.5, 3.0 ] },
                "down": { "texture": "#material", "uv": [ 0.0, 0.0, 0.5, 3.0 ] }
              },
              "children": [
                {
                  "name": "Cube9",
                  "from": [ 0.0, 0.0, 0.0 ],
                  "to": [ 0.5, 2.0, 0.6 ],
                  "faces": {
                    "north": { "texture": "#material", "uv": [ 0.0, 0.0, 0.5, 2.0 ] },
                    "east": { "texture": "#material", "uv": [ 0.0, 0.0, 0.5, 2.0 ] },
                    "south": { "texture": "#material", "uv": [ 0.0, 0.0, 0.5, 2.0 ] },
                    "west": { "texture": "#material", "uv": [ 0.0, 0.0, 0.5, 2.0 ] },
                    "up": { "texture": "#material", "uv": [ 0.0, 0.0, 0.5, 0.5 ] },
                    "down": { "texture": "#material", "uv": [ 0.0, 0.0, 0.5, 0.5 ] }
                  }
                },
                {
                  "name": "Cube10",
                  "from": [ 0.0, 0.0, 2.4 ],
                  "to": [ 0.5, 2.0, 3.0 ],
                  "faces": {
                    "north": { "texture": "#material", "uv": [ 0.0, 0.0, 0.5, 2.0 ] },
                    "east": { "texture": "#material", "uv": [ 0.0, 0.0, 0.5, 2.0 ] },
                    "south": { "texture": "#material", "uv": [ 0.0, 0.0, 0.5, 2.0 ] },
                    "west": { "texture": "#material", "uv": [ 0.0, 0.0, 0.5, 2.0 ] },
                    "up": { "texture": "#material", "uv": [ 0.0, 0.0, 0.5, 0.5 ] },
                    "down": { "texture": "#material", "uv": [ 0.0, 0.0, 0.5, 0.5 ] }
                  }
                },
                {
                  "name": "Cube11",
                  "from": [ 0.0, 0.8, 0.0 ],
                  "to": [ 0.5, 1.1, 3.0 ],
                  "faces": {
                    "north": { "texture": "#material", "uv": [ 0.0, 0.0, 0.5, 0.5 ] },
                    "east": { "texture": "#material", "uv": [ 0.0, 0.0, 3.0, 0.5 ] },
                    "south": { "texture": "#material", "uv": [ 0.0, 0.0, 0.5, 0.5 ] },
                    "west": { "texture": "#material", "uv": [ 0.0, 0.0, 3.0, 0.5 ] },
                    "up": { "texture": "#material", "uv": [ 0.0, 0.0, 0.5, 3.0 ] },
                    "down": { "texture": "#material", "uv": [ 0.0, 0.0, 0.5, 3.0 ] }
                  }
                },
                {
                  "name": "Cube12",
                  "from": [ 0.0, 0.0, 1.8 ],
                  "to": [ 0.5, 1.0, 3.0 ],
                  "faces": {
                    "north": { "texture": "#material", "uv": [ 0.0, 0.0, 0.5, 1.0 ] },
                    "east": { "texture": "#material", "uv": [ 0.0, 0.0, 1.0, 1.0 ] },
                    "south": { "texture": "#material", "uv": [ 0.0, 0.0, 0.5, 1.0 ] },
                    "west": { "texture": "#material", "uv": [ 0.0, 0.0, 1.0, 1.0 ] },
                    "up": { "texture": "#material", "uv": [ 0.0, 0.0, 0.5, 1.0 ] },
                    "down": { "texture": "#material", "uv": [ 0.0, 0.0, 0.5, 1.0 ] }
                  }
                },
                {
                  "name": "Cube13",
                  "from": [ 0.0, 0.0, 0.0 ],
                  "to": [ 0.5, 1.0, 1.2 ],
                  "faces": {
                    "north": { "texture": "#material", "uv": [ 0.0, 0.0, 0.5, 1.0 ] },
                    "east": { "texture": "#material", "uv": [ 0.0, 0.0, 1.0, 1.0 ] },
                    "south": { "texture": "#material", "uv": [ 0.0, 0.0, 0.5, 1.0 ] },
                    "west": { "texture": "#material", "uv": [ 0.0, 0.0, 1.0, 1.0 ] },
                    "up": { "texture": "#material", "uv": [ 0.0, 0.0, 0.5, 1.0 ] },
                    "down": { "texture": "#material", "uv": [ 0.0, 0.0, 0.5, 1.0 ] }
                  }
                },
                {
                  "name": "Cube14",
                  "from": [ 0.0, 1.0, 1.2 ],
                  "to": [ 0.5, 2.0, 1.8 ],
                  "faces": {
                    "north": { "texture": "#material", "uv": [ 0.0, 0.0, 0.5, 1.0 ] },
                    "east": { "texture": "#material", "uv": [ 0.0, 0.0, 0.5, 1.0 ] },
                    "south": { "texture": "#material", "uv": [ 0.0, 0.0, 0.5, 1.0 ] },
                    "west": { "texture": "#material", "uv": [ 0.0, 0.0, 0.5, 1.0 ] },
                    "up": { "texture": "#material", "uv": [ 0.0, 0.0, 0.5, 0.5 ] },
                    "down": { "texture": "#material", "uv": [ 0.0, 0.0, 0.5, 0.5 ] }
                  }
                },
                {
                  "name": "Cube15",
                  "from": [ 0.0, 1.7, 0.0 ],
                  "to": [ 0.5, 2.0, 3.0 ],
                  "faces": {
                    "north": { "texture": "#material", "uv": [ 0.0, 0.0, 0.5, 0.5 ] },
                    "east": { "texture": "#material", "uv": [ 0.0, 0.0, 3.0, 0.5 ] },
                    "south": { "texture": "#material", "uv": [ 0.0, 0.0, 0.5, 0.5 ] },
                    "west": { "texture": "#material", "uv": [ 0.0, 0.0, 3.0, 0.5 ] },
                    "up": { "texture": "#material", "uv": [ 0.0, 0.0, 0.5, 3.0 ] },
                    "down": { "texture": "#material", "uv": [ 0.0, 0.0, 0.5, 3.0 ] }
                  }
                }
              ]
            },
            {
              "name": "Cube16",
              "from": [ 11.5, 0.0, 0.0 ],
              "to": [ 12.0, 0.6, 3.0 ],
              "faces": {
                "north": { "texture": "#material", "uv": [ 0.0, 0.0, 0.5, 0.5 ] },
                "east": { "texture": "#material", "uv": [ 0.0, 0.0, 3.0, 0.5 ] },
                "south": { "texture": "#material", "uv": [ 0.0, 0.0, 0.5, 0.5 ] },
                "west": { "texture": "#material", "uv": [ 0.0, 0.0, 3.0, 0.5 ] },
                "up": { "texture": "#material", "uv": [ 0.0, 0.0, 0.5, 3.0 ] },
                "down": { "texture": "#material", "uv": [ 0.0, 0.0, 0.5, 3.0 ] }
              },
              "children": [
                {
                  "name": "Cube17",
                  "from": [ 0.0, 0.0, 0.0 ],
                  "to": [ 0.5, 2.0, 0.6 ],
                  "faces": {
                    "north": { "texture": "#material", "uv": [ 0.0, 0.0, 0.5, 2.0 ] },
                    "east": { "texture": "#material", "uv": [ 0.0, 0.0, 0.5, 2.0 ] },
                    "south": { "texture": "#material", "uv": [ 0.0, 0.0, 0.5, 2.0 ] },
                    "west": { "texture": "#material", "uv": [ 0.0, 0.0, 0.5, 2.0 ] },
                    "up": { "texture": "#material", "uv": [ 0.0, 0.0, 0.5, 0.5 ] },
                    "down": { "texture": "#material", "uv": [ 0.0, 0.0, 0.5, 0.5 ] }
                  }
                },
                {
                  "name": "Cube18",
                  "from": [ 0.0, 0.0, 2.4 ],
                  "to": [ 0.5, 2.0, 3.0 ],
                  "faces": {
                    "north": { "texture": "#material", "uv": [ 0.0, 0.0, 0.5, 2.0 ] },
                    "east": { "texture": "#material", "uv": [ 0.0, 0.0, 0.5, 2.0 ] },
                    "south": { "texture": "#material", "uv": [ 0.0, 0.0, 0.5, 2.0 ] },
                    "west": { "texture": "#material", "uv": [ 0.0, 0.0, 0.5, 2.0 ] },
                    "up": { "texture": "#material", "uv": [ 0.0, 0.0, 0.5, 0.5 ] },
                    "down": { "texture": "#material", "uv": [ 0.0, 0.0, 0.5, 0.5 ] }
                  }
                },
                {
                  "name": "Cube19",
                  "from": [ 0.0, 0.8, 0.0 ],
                  "to": [ 0.5, 1.1, 3.0 ],
                  "faces": {
                    "north": { "texture": "#material", "uv": [ 0.0, 0.0, 0.5, 0.5 ] },
                    "east": { "texture": "#material", "uv": [ 0.0, 0.0, 3.0, 0.5 ] },
                    "south": { "texture": "#material", "uv": [ 0.0, 0.0, 0.5, 0.5 ] },
                    "west": { "texture": "#material", "uv": [ 0.0, 0.0, 3.0, 0.5 ] },
                    "up": { "texture": "#material", "uv": [ 0.0, 0.0, 0.5, 3.0 ] },
                    "down": { "texture": "#material", "uv": [ 0.0, 0.0, 0.5, 3.0 ] }
                  }
                },
                {
                  "name": "Cube20",
                  "from": [ 0.0, 0.0, 1.8 ],
                  "to": [ 0.5, 1.0, 3.0 ],
                  "faces": {
                    "north": { "texture": "#material", "uv": [ 0.0, 0.0, 0.5, 1.0 ] },
                    "east": { "texture": "#material", "uv": [ 0.0, 0.0, 1.0, 1.0 ] },
                    "south": { "texture": "#material", "uv": [ 0.0, 0.0, 0.5, 1.0 ] },
                    "west": { "texture": "#material", "uv": [ 0.0, 0.0, 1.0, 1.0 ] },
                    "up": { "texture": "#material", "uv": [ 0.0, 0.0, 0.5, 1.0 ] },
                    "down": { "texture": "#material", "uv": [ 0.0, 0.0, 0.5, 1.0 ] }
                  }
                },
                {
                  "name": "Cube21",
                  "from": [ 0.0, 0.0, 0.0 ],
                  "to": [ 0.5, 1.0, 1.2 ],
                  "faces": {
                    "north": { "texture": "#material", "uv": [ 0.0, 0.0, 0.5, 1.0 ] },
                    "east": { "texture": "#material", "uv": [ 0.0, 0.0, 1.0, 1.0 ] },
                    "south": { "texture": "#material", "uv": [ 0.0, 0.0, 0.5, 1.0 ] },
                    "west": { "texture": "#material", "uv": [ 0.0, 0.0, 1.0, 1.0 ] },
                    "up": { "texture": "#material", "uv": [ 0.0, 0.0, 0.5, 1.0 ] },
                    "down": { "texture": "#material", "uv": [ 0.0, 0.0, 0.5, 1.0 ] }
                  }
                },
                {
                  "name": "Cube22",
                  "from": [ 0.0, 1.0, 1.2 ],
                  "to": [ 0.5, 2.0, 1.8 ],
                  "faces": {
                    "north": { "texture": "#material", "uv": [ 0.0, 0.0, 0.5, 1.0 ] },
                    "east": { "texture": "#material", "uv": [ 0.0, 0.0, 0.5, 1.0 ] },
                    "south": { "texture": "#material", "uv": [ 0.0, 0.0, 0.5, 1.0 ] },
                    "west": { "texture": "#material", "uv": [ 0.0, 0.0, 0.5, 1.0 ] },
                    "up": { "texture": "#material", "uv": [ 0.0, 0.0, 0.5, 0.5 ] },
                    "down": { "texture": "#material", "uv": [ 0.0, 0.0, 0.5, 0.5 ] }
                  }
                },
                {
                  "name": "Cube23",
                  "from": [ 0.0, 1.7, 0.0 ],
                  "to": [ 0.5, 2.0, 3.0 ],
                  "faces": {
                    "north": { "texture": "#material", "uv": [ 0.0, 0.0, 0.5, 0.5 ] },
                    "east": { "texture": "#material", "uv": [ 0.0, 0.0, 3.0, 0.5 ] },
                    "south": { "texture": "#material", "uv": [ 0.0, 0.0, 0.5, 0.5 ] },
                    "west": { "texture": "#material", "uv": [ 0.0, 0.0, 3.0, 0.5 ] },
                    "up": { "texture": "#material", "uv": [ 0.0, 0.0, 0.5, 3.0 ] },
                    "down": { "texture": "#material", "uv": [ 0.0, 0.0, 0.5, 3.0 ] }
                  }
                }
              ]
            },
            {
              "name": "small_ear_1",
              "from": [ 2.0, 0.0, 0.0 ],
              "to": [ 2.0, 0.0, 0.0 ],
              "rotationOrigin": [ 2.0, 0.0, 0.0 ],
              "faces": {
                "north": { "texture": "#material", "uv": [ 0.0, 0.0, 0.5, 0.5 ] },
                "east": { "texture": "#material", "uv": [ 0.0, 0.0, 0.5, 0.5 ] },
                "south": { "texture": "#material", "uv": [ 0.0, 0.0, 0.5, 0.5 ] },
                "west": { "texture": "#material", "uv": [ 0.0, 0.0, 0.5, 0.5 ] },
                "up": { "texture": "#material", "uv": [ 0.0, 0.0, 0.5, 0.5 ] },
                "down": { "texture": "#material", "uv": [ 0.0, 0.0, 0.5, 0.5 ] }
              },
              "children": [
                {
                  "name": "Cube24",
                  "from": [ 0.0, 0.0, 0.0 ],
                  "to": [ 0.5, 1.0, 0.3 ],
                  "rotationOrigin": [ -2.0, 0.0, 0.0 ],
                  "faces": {
                    "north": { "texture": "#material", "uv": [ 0.0, 0.0, 0.5, 1.0 ] },
                    "east": { "texture": "#material", "uv": [ 0.0, 0.0, 0.5, 1.0 ] },
                    "south": { "texture": "#material", "uv": [ 0.0, 0.0, 0.5, 1.0 ] },
                    "west": { "texture": "#material", "uv": [ 0.0, 0.0, 0.5, 1.0 ] },
                    "up": { "texture": "#material", "uv": [ 0.0, 0.0, 0.5, 0.5 ] },
                    "down": { "texture": "#material", "uv": [ 0.0, 0.0, 0.5, 0.5 ] }
                  }
                },
                {
                  "name": "Cube25",
                  "from": [ 1.0, 0.0, 0.0 ],
                  "to": [ 1.5, 1.0, 0.3 ],
                  "rotationOrigin": [ -2.0, 0.0, 0.0 ],
                  "faces": {
                    "north": { "texture": "#material", "uv": [ 0.0, 0.0, 0.5, 1.0 ] },
                    "east": { "texture": "#material", "uv": [ 0.0, 0.0, 0.5, 1.0 ] },
                    "south": { "texture": "#material", "uv": [ 0.0, 0.0, 0.5, 1.0 ] },
                    "west": { "texture": "#material", "uv": [ 0.0, 0.0, 0.5, 1.0 ] },
                    "up": { "texture": "#material", "uv": [ 0.0, 0.0, 0.5, 0.5 ] },
                    "down": { "texture": "#material", "uv": [ 0.0, 0.0, 0.5, 0.5 ] }
                  }
                },
                {
                  "name": "Cube26",
                  "from": [ 0.0, 1.0, 0.0 ],
                  "to": [ 1.5, 1.5, 0.3 ],
                  "rotationOrigin": [ -2.0, 0.0, 0.0 ],
                  "faces": {
                    "north": { "texture": "#material", "uv": [ 0.0, 0.0, 1.5, 0.5 ] },
                    "east": { "texture": "#material", "uv": [ 0.0, 0.0, 0.5, 0.5 ] },
                    "south": { "texture": "#material", "uv": [ 0.0, 0.0, 1.5, 0.5 ] },
                    "west": { "texture": "#material", "uv": [ 0.0, 0.0, 0.5, 0.5 ] },
                    "up": { "texture": "#material", "uv": [ 0.0, 0.0, 1.5, 0.5 ] },
                    "down": { "texture": "#material", "uv": [ 0.0, 0.0, 1.5, 0.5 ] }
                  }
                }
              ]
            },
            {
              "name": "small_ear_2",
              "from": [ 2.0, 0.0, 2.5 ],
              "to": [ 2.0, 0.0, 2.5 ],
              "rotationOrigin": [ 2.0, 0.0, 0.0 ],
              "faces": {
                "north": { "texture": "#material", "uv": [ 0.0, 0.0, 0.5, 0.5 ] },
                "east": { "texture": "#material", "uv": [ 0.0, 0.0, 0.5, 0.5 ] },
                "south": { "texture": "#material", "uv": [ 0.0, 0.0, 0.5, 0.5 ] },
                "west": { "texture": "#material", "uv": [ 0.0, 0.0, 0.5, 0.5 ] },
                "up": { "texture": "#material", "uv": [ 0.0, 0.0, 0.5, 0.5 ] },
                "down": { "texture": "#material", "uv": [ 0.0, 0.0, 0.5, 0.5 ] }
              },
              "children": [
                {
                  "name": "Cube29",
                  "from": [ 0.0, 0.0, 0.2 ],
                  "to": [ 0.5, 1.0, 0.5 ],
                  "rotationOrigin": [ -2.0, 0.0, 0.0 ],
                  "faces": {
                    "north": { "texture": "#material", "uv": [ 0.0, 0.0, 0.5, 1.0 ] },
                    "east": { "texture": "#material", "uv": [ 0.0, 0.0, 0.5, 1.0 ] },
                    "south": { "texture": "#material", "uv": [ 0.0, 0.0, 0.5, 1.0 ] },
                    "west": { "texture": "#material", "uv": [ 0.0, 0.0, 0.5, 1.0 ] },
                    "up": { "texture": "#material", "uv": [ 0.0, 0.0, 0.5, 0.5 ] },
                    "down": { "texture": "#material", "uv": [ 0.0, 0.0, 0.5, 0.5 ] }
                  }
                },
                {
                  "name": "Cube30",
                  "from": [ 1.0, 0.0, 0.2 ],
                  "to": [ 1.5, 1.0, 0.5 ],
                  "rotationOrigin": [ -2.0, 0.0, 0.0 ],
                  "faces": {
                    "north": { "texture": "#material", "uv": [ 0.0, 0.0, 0.5, 1.0 ] },
                    "east": { "texture": "#material", "uv": [ 0.0, 0.0, 0.5, 1.0 ] },
                    "south": { "texture": "#material", "uv": [ 0.0, 0.0, 0.5, 1.0 ] },
                    "west": { "texture": "#material", "uv": [ 0.0, 0.0, 0.5, 1.0 ] },
                    "up": { "texture": "#material", "uv": [ 0.0, 0.0, 0.5, 0.5 ] },
                    "down": { "texture": "#material", "uv": [ 0.0, 0.0, 0.5, 0.5 ] }
                  }
                },
                {
                  "name": "Cube31",
                  "from": [ 0.0, 1.0, 0.2 ],
                  "to": [ 1.5, 1.5, 0.5 ],
                  "rotationOrigin": [ -2.0, 0.0, 0.0 ],
                  "faces": {
                    "north": { "texture": "#material", "uv": [ 0.0, 0.0, 1.5, 0.5 ] },
                    "east": { "texture": "#material", "uv": [ 0.0, 0.0, 0.5, 0.5 ] },
                    "south": { "texture": "#material", "uv": [ 0.0, 0.0, 1.5, 0.5 ] },
                    "west": { "texture": "#material", "uv": [ 0.0, 0.0, 0.5, 0.5 ] },
                    "up": { "texture": "#material", "uv": [ 0.0, 0.0, 1.5, 0.5 ] },
                    "down": { "texture": "#material", "uv": [ 0.0, 0.0, 1.5, 0.5 ] }
                  }
                }
              ]
            },
            {
              "name": "Cube46",
              "from": [ 2.4, 0.5, -0.5 ],
              "to": [ 3.0, 1.1, 3.5 ],
              "faces": {
                "north": { "texture": "#material", "uv": [ 0.0, 0.0, 0.5, 0.5 ] },
                "east": { "texture": "#material", "uv": [ 0.0, 0.0, 4.0, 0.5 ] },
                "south": { "texture": "#material", "uv": [ 0.0, 0.0, 0.5, 0.5 ] },
                "west": { "texture": "#material", "uv": [ 0.0, 0.0, 4.0, 0.5 ] },
                "up": { "texture": "#material", "uv": [ 0.0, 0.0, 0.5, 4.0 ] },
                "down": { "texture": "#material", "uv": [ 0.0, 0.0, 0.5, 4.0 ] }
              }
            }
          ]
        },
        {
          "name": "Tooth_rail_1",
          "from": [ -6.0, 1.1, 0.8 ],
          "to": [ -6.0, 1.1, 0.8 ],
          "faces": {
            "north": { "texture": "#null", "uv": [ 0.0, 0.0, 0.5, 0.5 ] },
            "east": { "texture": "#null", "uv": [ 0.0, 0.0, 0.5, 0.5 ] },
            "south": { "texture": "#null", "uv": [ 0.0, 0.0, 0.5, 0.5 ] },
            "west": { "texture": "#null", "uv": [ 0.0, 0.0, 0.5, 0.5 ] },
            "up": { "texture": "#null", "uv": [ 0.0, 0.0, 0.5, 0.5 ] },
            "down": { "texture": "#null", "uv": [ 0.0, 0.0, 0.5, 0.5 ] }
          },
          "children": [
            {
              "name": "Cube42",
              "from": [ 0.0, 0.0, 0.0 ],
              "to": [ 2.0, 0.6, 0.6 ],
              "rotationOrigin": [ 6.0, -1.1, -0.8 ],
              "faces": {
                "north": { "texture": "#material", "uv": [ 0.0, 0.0, 2.0, 0.5 ] },
                "east": { "texture": "#material", "uv": [ 0.0, 0.0, 0.5, 0.5 ] },
                "south": { "texture": "#material", "uv": [ 0.0, 0.0, 2.0, 0.5 ] },
                "west": { "texture": "#material", "uv": [ 0.0, 0.0, 0.5, 0.5 ] },
                "up": { "texture": "#material", "uv": [ 0.0, 0.0, 2.0, 0.5 ] },
                "down": { "texture": "#material", "uv": [ 0.0, 0.0, 2.0, 0.5 ] }
              }
            },
            {
              "name": "Cube43",
              "from": [ 11.0, 0.0, 0.0 ],
              "to": [ 13.0, 0.6, 0.6 ],
              "rotationOrigin": [ 6.0, -1.1, -0.8 ],
              "faces": {
                "north": { "texture": "#material", "uv": [ 0.0, 0.0, 2.0, 0.5 ] },
                "east": { "texture": "#material", "uv": [ 0.0, 0.0, 0.5, 0.5 ] },
                "south": { "texture": "#material", "uv": [ 0.0, 0.0, 2.0, 0.5 ] },
                "west": { "texture": "#material", "uv": [ 0.0, 0.0, 0.5, 0.5 ] },
                "up": { "texture": "#material", "uv": [ 0.0, 0.0, 2.0, 0.5 ] },
                "down": { "texture": "#material", "uv": [ 0.0, 0.0, 2.0, 0.5 ] }
              }
            },
            {
              "name": "Cube45",
              "from": [ 0.52, -1.94, 0.0 ],
              "to": [ 1.52, -1.34, 0.6 ],
              "rotationOrigin": [ 0.0, 0.0, 0.0 ],
              "rotationZ": 75.0,
              "faces": {
                "north": { "texture": "#material", "uv": [ 0.0, 0.0, 1.0, 0.5 ] },
                "east": { "texture": "#material", "uv": [ 0.0, 0.0, 0.5, 0.5 ] },
                "south": { "texture": "#material", "uv": [ 0.0, 0.0, 1.0, 0.5 ] },
                "west": { "texture": "#material", "uv": [ 0.0, 0.0, 0.5, 0.5 ] },
                "up": { "texture": "#material", "uv": [ 0.0, 0.0, 1.0, 0.5 ] },
                "down": { "texture": "#material", "uv": [ 0.0, 0.0, 1.0, 0.5 ] }
              }
            },
            {
              "name": "Cube47",
              "from": [ 1.85, 10.6, 0.0 ],
              "to": [ 2.85, 11.2, 0.6 ],
              "rotationOrigin": [ 0.0, 0.0, 0.0 ],
              "rotationZ": -75.0,
              "faces": {
                "north": { "texture": "#material", "uv": [ 0.0, 0.0, 1.0, 0.5 ] },
                "east": { "texture": "#material", "uv": [ 0.0, 0.0, 0.5, 0.5 ] },
                "south": { "texture": "#material", "uv": [ 0.0, 0.0, 1.0, 0.5 ] },
                "west": { "texture": "#material", "uv": [ 0.0, 0.0, 0.5, 0.5 ] },
                "up": { "texture": "#material", "uv": [ 0.0, 0.0, 1.0, 0.5 ] },
                "down": { "texture": "#material", "uv": [ 0.0, 0.0, 1.0, 0.5 ] }
              }
            },
            {
              "name": "Cube48",
              "from": [ 1.72, -1.66, 0.0 ],
              "to": [ 2.72, -1.06, 0.6 ],
              "rotationOrigin": [ 0.0, 0.0, 0.0 ],
              "rotationZ": 65.0,
              "faces": {
                "north": { "texture": "#material", "uv": [ 0.0, 0.0, 1.0, 0.5 ] },
                "east": { "texture": "#material", "uv": [ 0.0, 0.0, 0.5, 0.5 ] },
                "south": { "texture": "#material", "uv": [ 0.0, 0.0, 1.0, 0.5 ] },
                "west": { "texture": "#material", "uv": [ 0.0, 0.0, 0.5, 0.5 ] },
                "up": { "texture": "#material", "uv": [ 0.0, 0.0, 1.0, 0.5 ] },
                "down": { "texture": "#material", "uv": [ 0.0, 0.0, 1.0, 0.5 ] }
              }
            },
            {
              "name": "Cube51",
              "from": [ 2.85, -1.18, 0.0 ],
              "to": [ 3.85, -0.58, 0.6 ],
              "rotationOrigin": [ 0.0, 0.0, 0.0 ],
              "rotationZ": 55.0,
              "faces": {
                "north": { "texture": "#material", "uv": [ 0.0, 0.0, 1.0, 0.5 ] },
                "east": { "texture": "#material", "uv": [ 0.0, 0.0, 0.5, 0.5 ] },
                "south": { "texture": "#material", "uv": [ 0.0, 0.0, 1.0, 0.5 ] },
                "west": { "texture": "#material", "uv": [ 0.0, 0.0, 0.5, 0.5 ] },
                "up": { "texture": "#material", "uv": [ 0.0, 0.0, 1.0, 0.5 ] },
                "down": { "texture": "#material", "uv": [ 0.0, 0.0, 1.0, 0.5 ] }
              }
            },
            {
              "name": "Cube52",
              "from": [ 3.85, -0.5, 0.0 ],
              "to": [ 4.85, 0.1, 0.6 ],
              "rotationOrigin": [ 0.0, 0.0, 0.0 ],
              "rotationZ": 45.0,
              "faces": {
                "north": { "texture": "#material", "uv": [ 0.0, 0.0, 1.0, 0.5 ] },
                "east": { "texture": "#material", "uv": [ 0.0, 0.0, 0.5, 0.5 ] },
                "south": { "texture": "#material", "uv": [ 0.0, 0.0, 1.0, 0.5 ] },
                "west": { "texture": "#material", "uv": [ 0.0, 0.0, 0.5, 0.5 ] },
                "up": { "texture": "#material", "uv": [ 0.0, 0.0, 1.0, 0.5 ] },
                "down": { "texture": "#material", "uv": [ 0.0, 0.0, 1.0, 0.5 ] }
              }
            },
            {
              "name": "Cube53",
              "from": [ 4.75, 0.35, 0.0 ],
              "to": [ 5.75, 0.95, 0.6 ],
              "rotationOrigin": [ 0.0, 0.0, 0.0 ],
              "rotationZ": 35.0,
              "faces": {
                "north": { "texture": "#material", "uv": [ 0.0, 0.0, 1.0, 0.5 ] },
                "east": { "texture": "#material", "uv": [ 0.0, 0.0, 0.5, 0.5 ] },
                "south": { "texture": "#material", "uv": [ 0.0, 0.0, 1.0, 0.5 ] },
                "west": { "texture": "#material", "uv": [ 0.0, 0.0, 0.5, 0.5 ] },
                "up": { "texture": "#material", "uv": [ 0.0, 0.0, 1.0, 0.5 ] },
                "down": { "texture": "#material", "uv": [ 0.0, 0.0, 1.0, 0.5 ] }
              }
            },
            {
              "name": "Cube54",
              "from": [ 5.48, 1.33, 0.0 ],
              "to": [ 6.48, 1.93, 0.6 ],
              "rotationOrigin": [ 0.0, 0.0, 0.0 ],
              "rotationZ": 25.0,
              "faces": {
                "north": { "texture": "#material", "uv": [ 0.0, 0.0, 1.0, 0.5 ] },
                "east": { "texture": "#material", "uv": [ 0.0, 0.0, 0.5, 0.5 ] },
                "south": { "texture": "#material", "uv": [ 0.0, 0.0, 1.0, 0.5 ] },
                "west": { "texture": "#material", "uv": [ 0.0, 0.0, 0.5, 0.5 ] },
                "up": { "texture": "#material", "uv": [ 0.0, 0.0, 1.0, 0.5 ] },
                "down": { "texture": "#material", "uv": [ 0.0, 0.0, 1.0, 0.5 ] }
              }
            },
            {
              "name": "Cube55",
              "from": [ 5.85, 2.74, 0.0 ],
              "to": [ 6.85, 3.34, 0.6 ],
              "rotationOrigin": [ 0.0, 0.0, 0.0 ],
              "rotationZ": 12.0,
              "faces": {
                "north": { "texture": "#material", "uv": [ 0.0, 0.0, 1.0, 0.5 ] },
                "east": { "texture": "#material", "uv": [ 0.0, 0.0, 0.5, 0.5 ] },
                "south": { "texture": "#material", "uv": [ 0.0, 0.0, 1.0, 0.5 ] },
                "west": { "texture": "#material", "uv": [ 0.0, 0.0, 0.5, 0.5 ] },
                "up": { "texture": "#material", "uv": [ 0.0, 0.0, 1.0, 0.5 ] },
                "down": { "texture": "#material", "uv": [ 0.0, 0.0, 1.0, 0.5 ] }
              }
            },
            {
              "name": "Cube56",
              "from": [ 6.0, 4.1, 0.0 ],
              "to": [ 7.0, 4.7, 0.6 ],
              "faces": {
                "north": { "texture": "#material", "uv": [ 0.0, 0.0, 1.0, 0.5 ] },
                "east": { "texture": "#material", "uv": [ 0.0, 0.0, 0.5, 0.5 ] },
                "south": { "texture": "#material", "uv": [ 0.0, 0.0, 1.0, 0.5 ] },
                "west": { "texture": "#material", "uv": [ 0.0, 0.0, 0.5, 0.5 ] },
                "up": { "texture": "#material", "uv": [ 0.0, 0.0, 1.0, 0.5 ] },
                "down": { "texture": "#material", "uv": [ 0.0, 0.0, 1.0, 0.5 ] }
              }
            },
            {
              "name": "Cube57",
              "from": [ 5.85, 5.45, 0.0 ],
              "to": [ 6.85, 6.05, 0.6 ],
              "rotationOrigin": [ 0.0, 0.0, 0.0 ],
              "rotationZ": -12.0,
              "faces": {
                "north": { "texture": "#material", "uv": [ 0.0, 0.0, 1.0, 0.5 ] },
                "east": { "texture": "#material", "uv": [ 0.0, 0.0, 0.5, 0.5 ] },
                "south": { "texture": "#material", "uv": [ 0.0, 0.0, 1.0, 0.5 ] },
                "west": { "texture": "#material", "uv": [ 0.0, 0.0, 0.5, 0.5 ] },
                "up": { "texture": "#material", "uv": [ 0.0, 0.0, 1.0, 0.5 ] },
                "down": { "texture": "#material", "uv": [ 0.0, 0.0, 1.0, 0.5 ] }
              }
            },
            {
              "name": "Cube58",
              "from": [ 5.28, 6.83, 0.0 ],
              "to": [ 6.28, 7.43, 0.6 ],
              "rotationOrigin": [ 0.0, 0.0, 0.0 ],
              "rotationZ": -25.0,
              "faces": {
                "north": { "texture": "#material", "uv": [ 0.0, 0.0, 1.0, 0.5 ] },
                "east": { "texture": "#material", "uv": [ 0.0, 0.0, 0.5, 0.5 ] },
                "south": { "texture": "#material", "uv": [ 0.0, 0.0, 1.0, 0.5 ] },
                "west": { "texture": "#material", "uv": [ 0.0, 0.0, 0.5, 0.5 ] },
                "up": { "texture": "#material", "uv": [ 0.0, 0.0, 1.0, 0.5 ] },
                "down": { "texture": "#material", "uv": [ 0.0, 0.0, 1.0, 0.5 ] }
              }
            },
            {
              "name": "Cube59",
              "from": [ 4.88, 7.8, 0.0 ],
              "to": [ 5.88, 8.4, 0.6 ],
              "rotationOrigin": [ 0.0, 0.0, 0.0 ],
              "rotationZ": -35.0,
              "faces": {
                "north": { "texture": "#material", "uv": [ 0.0, 0.0, 1.0, 0.5 ] },
                "east": { "texture": "#material", "uv": [ 0.0, 0.0, 0.5, 0.5 ] },
                "south": { "texture": "#material", "uv": [ 0.0, 0.0, 1.0, 0.5 ] },
                "west": { "texture": "#material", "uv": [ 0.0, 0.0, 0.5, 0.5 ] },
                "up": { "texture": "#material", "uv": [ 0.0, 0.0, 1.0, 0.5 ] },
                "down": { "texture": "#material", "uv": [ 0.0, 0.0, 1.0, 0.5 ] }
              }
            },
            {
              "name": "Cube60",
              "from": [ 4.3, 8.69, 0.0 ],
              "to": [ 5.3, 9.29, 0.6 ],
              "rotationOrigin": [ 0.0, 0.0, 0.0 ],
              "rotationZ": -45.0,
              "faces": {
                "north": { "texture": "#material", "uv": [ 0.0, 0.0, 1.0, 0.5 ] },
                "east": { "texture": "#material", "uv": [ 0.0, 0.0, 0.5, 0.5 ] },
                "south": { "texture": "#material", "uv": [ 0.0, 0.0, 1.0, 0.5 ] },
                "west": { "texture": "#material", "uv": [ 0.0, 0.0, 0.5, 0.5 ] },
                "up": { "texture": "#material", "uv": [ 0.0, 0.0, 1.0, 0.5 ] },
                "down": { "texture": "#material", "uv": [ 0.0, 0.0, 1.0, 0.5 ] }
              }
            },
            {
              "name": "Cube61",
              "from": [ 3.6, 9.46, 0.0 ],
              "to": [ 4.6, 10.06, 0.6 ],
              "rotationOrigin": [ 0.0, 0.0, 0.0 ],
              "rotationZ": -55.0,
              "faces": {
                "north": { "texture": "#material", "uv": [ 0.0, 0.0, 1.0, 0.5 ] },
                "east": { "texture": "#material", "uv": [ 0.0, 0.0, 0.5, 0.5 ] },
                "south": { "texture": "#material", "uv": [ 0.0, 0.0, 1.0, 0.5 ] },
                "west": { "texture": "#material", "uv": [ 0.0, 0.0, 0.5, 0.5 ] },
                "up": { "texture": "#material", "uv": [ 0.0, 0.0, 1.0, 0.5 ] },
                "down": { "texture": "#material", "uv": [ 0.0, 0.0, 1.0, 0.5 ] }
              }
            },
            {
              "name": "Cube62",
              "from": [ 2.78, 10.1, 0.0 ],
              "to": [ 3.78, 10.7, 0.6 ],
              "rotationOrigin": [ 0.0, 0.0, 0.0 ],
              "rotationZ": -65.0,
              "faces": {
                "north": { "texture": "#material", "uv": [ 0.0, 0.0, 1.0, 0.5 ] },
                "east": { "texture": "#material", "uv": [ 0.0, 0.0, 0.5, 0.5 ] },
                "south": { "texture": "#material", "uv": [ 0.0, 0.0, 1.0, 0.5 ] },
                "west": { "texture": "#material", "uv": [ 0.0, 0.0, 0.5, 0.5 ] },
                "up": { "texture": "#material", "uv": [ 0.0, 0.0, 1.0, 0.5 ] },
                "down": { "texture": "#material", "uv": [ 0.0, 0.0, 1.0, 0.5 ] }
              }
            },
            {
              "name": "Teeth_1",
              "from": [ 6.0, -1.1, -0.8 ],
              "to": [ 6.0, -1.1, -0.8 ],
              "rotationOrigin": [ 6.0, -1.1, -0.8 ],
              "faces": {
                "north": { "texture": "#null", "uv": [ 0.0, 0.0, 0.5, 0.5 ] },
                "east": { "texture": "#null", "uv": [ 0.0, 0.0, 0.5, 0.5 ] },
                "south": { "texture": "#null", "uv": [ 0.0, 0.0, 0.5, 0.5 ] },
                "west": { "texture": "#null", "uv": [ 0.0, 0.0, 0.5, 0.5 ] },
                "up": { "texture": "#null", "uv": [ 0.0, 0.0, 0.5, 0.5 ] },
                "down": { "texture": "#null", "uv": [ 0.0, 0.0, 0.5, 0.5 ] }
              },
              "children": [
                {
                  "name": "Cube88",
                  "from": [ -4.96, 0.45, 0.25 ],
                  "to": [ -4.36, 1.05, 1.0 ],
                  "rotationOrigin": [ 0.0, 0.0, 0.0 ],
                  "rotationZ": -35.0,
                  "faces": {
                    "north": { "texture": "#material", "uv": [ 0.0, 0.0, 0.5, 0.5 ] },
                    "east": { "texture": "#material", "uv": [ 0.0, 0.0, 0.5, 0.5 ] },
                    "south": { "texture": "#material", "uv": [ 0.0, 0.0, 0.5, 0.5 ] },
                    "west": { "texture": "#material", "uv": [ 0.0, 0.0, 0.5, 0.5 ] },
                    "up": { "texture": "#material", "uv": [ 0.0, 0.0, 0.5, 0.5 ] },
                    "down": { "texture": "#material", "uv": [ 0.0, 0.0, 0.5, 0.5 ] }
                  }
                },
                {
                  "name": "Cube89",
                  "from": [ -6.11, 0.25, 0.25 ],
                  "to": [ -5.51, 0.85, 1.0 ],
                  "rotationOrigin": [ 0.0, -1.0, 0.0 ],
                  "rotationZ": -55.0,
                  "faces": {
                    "north": { "texture": "#material", "uv": [ 0.0, 0.0, 0.5, 0.5 ] },
                    "east": { "texture": "#material", "uv": [ 0.0, 0.0, 0.5, 0.5 ] },
                    "south": { "texture": "#material", "uv": [ 0.0, 0.0, 0.5, 0.5 ] },
                    "west": { "texture": "#material", "uv": [ 0.0, 0.0, 0.5, 0.5 ] },
                    "up": { "texture": "#material", "uv": [ 0.0, 0.0, 0.5, 0.5 ] },
                    "down": { "texture": "#material", "uv": [ 0.0, 0.0, 0.5, 0.5 ] }
                  }
                },
                {
                  "name": "Cube90",
                  "from": [ -6.64, -0.4, 0.25 ],
                  "to": [ -6.04, 0.2, 1.0 ],
                  "rotationOrigin": [ 0.0, -1.0, 0.0 ],
                  "rotationZ": -78.0,
                  "faces": {
                    "north": { "texture": "#material", "uv": [ 0.0, 0.0, 0.5, 0.5 ] },
                    "east": { "texture": "#material", "uv": [ 0.0, 0.0, 0.5, 0.5 ] },
                    "south": { "texture": "#material", "uv": [ 0.0, 0.0, 0.5, 0.5 ] },
                    "west": { "texture": "#material", "uv": [ 0.0, 0.0, 0.5, 0.5 ] },
                    "up": { "texture": "#material", "uv": [ 0.0, 0.0, 0.5, 0.5 ] },
                    "down": { "texture": "#material", "uv": [ 0.0, 0.0, 0.5, 0.5 ] }
                  }
                },
                {
                  "name": "Cube91",
                  "from": [ -6.85, -1.3, 0.25 ],
                  "to": [ -6.25, -0.7, 1.0 ],
                  "rotationOrigin": [ 0.0, -1.0, 0.0 ],
                  "rotationZ": -102.0,
                  "faces": {
                    "north": { "texture": "#material", "uv": [ 0.0, 0.0, 0.5, 0.5 ] },
                    "east": { "texture": "#material", "uv": [ 0.0, 0.0, 0.5, 0.5 ] },
                    "south": { "texture": "#material", "uv": [ 0.0, 0.0, 0.5, 0.5 ] },
                    "west": { "texture": "#material", "uv": [ 0.0, 0.0, 0.5, 0.5 ] },
                    "up": { "texture": "#material", "uv": [ 0.0, 0.0, 0.5, 0.5 ] },
                    "down": { "texture": "#material", "uv": [ 0.0, 0.0, 0.5, 0.5 ] }
                  }
                },
                {
                  "name": "Cube92",
                  "from": [ -6.66, -2.1, 0.25 ],
                  "to": [ -6.06, -1.5, 1.0 ],
                  "rotationOrigin": [ 0.0, -1.0, 0.0 ],
                  "rotationZ": -126.0,
                  "faces": {
                    "north": { "texture": "#material", "uv": [ 0.0, 0.0, 0.5, 0.5 ] },
                    "east": { "texture": "#material", "uv": [ 0.0, 0.0, 0.5, 0.5 ] },
                    "south": { "texture": "#material", "uv": [ 0.0, 0.0, 0.5, 0.5 ] },
                    "west": { "texture": "#material", "uv": [ 0.0, 0.0, 0.5, 0.5 ] },
                    "up": { "texture": "#material", "uv": [ 0.0, 0.0, 0.5, 0.5 ] },
                    "down": { "texture": "#material", "uv": [ 0.0, 0.0, 0.5, 0.5 ] }
                  }
                },
                {
                  "name": "Cube93",
                  "from": [ -6.34, -2.4, 0.25 ],
                  "to": [ -5.74, -1.8, 1.0 ],
                  "rotationOrigin": [ 0.0, -1.0, 0.0 ],
                  "rotationZ": -145.0,
                  "faces": {
                    "north": { "texture": "#material", "uv": [ 0.0, 0.0, 0.5, 0.5 ] },
                    "east": { "texture": "#material", "uv": [ 0.0, 0.0, 0.5, 0.5 ] },
                    "south": { "texture": "#material", "uv": [ 0.0, 0.0, 0.5, 0.5 ] },
                    "west": { "texture": "#material", "uv": [ 0.0, 0.0, 0.5, 0.5 ] },
                    "up": { "texture": "#material", "uv": [ 0.0, 0.0, 0.5, 0.5 ] },
                    "down": { "texture": "#material", "uv": [ 0.0, 0.0, 0.5, 0.5 ] }
                  }
                }
              ]
            }
          ]
        }
      ]
    }
  ]}